placa,anio_pago,marca,modelo,anio_modelo,pais,ramv,canton,clase,servicio,cilindraje,fecha_caducidad,fecha_ultima,fecha_compra,fecha_matricula,total_pagar
PCO3504,2026,CHEVROLET,SAIL FULL AC 1.4 4P 4X2 TM,2015,ECUADOR,-,SHUSHUFINDI,AUTOMOVIL,PARTICULAR,1398,23-04-2028,25-04-2023,24-03-2015,30-05-2024,USD $19.29
PCL5559,2025,CHEVROLET,SAIL AC 1.4 4P 4X2 TM,2015,ECUADOR,B7640094477,QUITO,AUTOMOVIL,ALQUILER,1398,31-10-2030,21-08-2025,31-08-2014,21-08-2025,USD $93.09
PDC3227,2025,HYUNDAI,ACCENT 1.6 4P 4X2 TM,2018,COREA DEL SUR,T02193569,LOJA,AUTOMOVIL,PARTICULAR,1600,31-08-2030,21-05-2025,29-03-2018,21-05-2025,USD $72.74
PBH9162,ERROR,ERROR,ERROR,ERROR,ERROR,ERROR,ERROR,ERROR,ERROR,ERROR,ERROR,ERROR,ERROR,ERROR,ERROR
JAA0273,ERROR,ERROR,ERROR,ERROR,ERROR,ERROR,ERROR,ERROR,ERROR,ERROR,ERROR,ERROR,ERROR,ERROR,ERROR
TBA5861,2024,CHEVROLET,AVEO ACTIVO 1.6L 5P STD,2010,ECUADOR,-,PLAYAS,AUTOMOVIL,PARTICULAR,1600,11-08-2029,12-08-2024,23-12-2009,12-08-2024,USD $238.7
PWH422,NO EXISTE,NO EXISTE,NO EXISTE,NO EXISTE,NO EXISTE,NO EXISTE,NO EXISTE,NO EXISTE,NO EXISTE,NO EXISTE,NO EXISTE,NO EXISTE,NO EXISTE,NO EXISTE,NO EXISTE
PUG0312,ERROR,ERROR,ERROR,ERROR,ERROR,ERROR,ERROR,ERROR,ERROR,ERROR,ERROR,ERROR,ERROR,ERROR,ERROR
PBQ8607,2024,FORD,FUSION HIBRIDO,2011,MEXICO,-,LATACUNGA,AUTOMOVIL,PARTICULAR,2500,27-01-2029,29-01-2024,25-11-2010,29-01-2024,USD $308.88
ADZ0356,2025,MITSUBISHI,L-200(4X4)DC/TM,2003,TAILANDIA,-,MEJIA,CAMIONETA,PARTICULAR,2400,23-04-2029,24-04-2024,11-02-2004,12-12-2025,USD $104.54
PBK9766,2025,HONDA,CIVIC FG118AJ-KK,2010,CANADA,-,PUERTO QUITO,AUTOMOVIL,PARTICULAR,1800,08-07-2029,09-07-2024,22-07-2010,09-07-2024,USD $86.28
PAA8787,2025,VOLKSWAGEN,CRAFTER 30 2ED0F5 AC 2.0 5P 4X2 TM DIESEL,2015,ALEMANIA,-,RUMIÑAHUI,OMNIBUS,ALQUILER,1968,27-08-2030,28-08-2025,12-06-2015,28-08-2025,USD $385.74
PPV872,NO EXISTE,NO EXISTE,NO EXISTE,NO EXISTE,NO EXISTE,NO EXISTE,NO EXISTE,NO EXISTE,NO EXISTE,NO EXISTE,NO EXISTE,NO EXISTE,NO EXISTE,NO EXISTE,NO EXISTE
PTK998,NO EXISTE,NO EXISTE,NO EXISTE,NO EXISTE,NO EXISTE,NO EXISTE,NO EXISTE,NO EXISTE,NO EXISTE,NO EXISTE,NO EXISTE,NO EXISTE,NO EXISTE,NO EXISTE,NO EXISTE
PDB4767,2024,MAZDA,MAZDA3 SPORT 2.0 AT FL,2008,COLOMBIA,T00517532,TOSAGUA,AUTOMOVIL,PARTICULAR,2000,27-03-2029,28-03-2024,28-09-2007,28-03-2024,USD $274.64
PWK511,NO EXISTE,NO EXISTE,NO EXISTE,NO EXISTE,NO EXISTE,NO EXISTE,NO EXISTE,NO EXISTE,NO EXISTE,NO EXISTE,NO EXISTE,NO EXISTE,NO EXISTE,NO EXISTE,NO EXISTE
PHN230,NO EXISTE,NO EXISTE,NO EXISTE,NO EXISTE,NO EXISTE,NO EXISTE,NO EXISTE,NO EXISTE,NO EXISTE,NO EXISTE,NO EXISTE,NO EXISTE,NO EXISTE,NO EXISTE,NO EXISTE
PJQ0569,ERROR,ERROR,ERROR,ERROR,ERROR,ERROR,ERROR,ERROR,ERROR,ERROR,ERROR,ERROR,ERROR,ERROR,ERROR
PCO1025,2025,MAZDA,BT-50 STD CRD FL 2.5 CD 4X2 TM DIESEL,2015,ECUADOR,M-137506,RUMIÑAHUI,CAMIONETA,ALQUILER,2500,30-06-2026,22-07-2021,26-01-2015,17-07-2025,USD $133.14
PJE0813,2025,CHEVROLET,ASKA,1988,ECUADOR,-,SAN VICENTE,AUTOMOVIL,PARTICULAR,1800,03-09-2028,05-09-2023,01-01-1988,05-09-2023,USD $75.78
PCI6195,2025,MAZDA,BT-50 STD FL 2.2 CD 4X2 TM,2014,ECUADOR,-,SALCEDO,CAMIONETA,ALQUILER,2200,30-06-2030,25-09-2025,13-11-2013,28-08-2025,USD $112.48
PNB0647,2025,VOLKSWAGEN,GOL 1.8 4P COMFORT,2005,BRASIL,-,LATACUNGA,AUTOMOVIL,PARTICULAR,1800,09-07-2028,11-07-2023,28-03-2005,23-06-2025,USD $76.33
IBR884,NO EXISTE,NO EXISTE,NO EXISTE,NO EXISTE,NO EXISTE,NO EXISTE,NO EXISTE,NO EXISTE,NO EXISTE,NO EXISTE,NO EXISTE,NO EXISTE,NO EXISTE,NO EXISTE,NO EXISTE
PBW5605,ERROR,ERROR,ERROR,ERROR,ERROR,ERROR,ERROR,ERROR,ERROR,ERROR,ERROR,ERROR,ERROR,ERROR,ERROR
PBA2850,ERROR,ERROR,ERROR,ERROR,ERROR,ERROR,ERROR,ERROR,ERROR,ERROR,ERROR,ERROR,ERROR,ERROR,ERROR
PBC1915,2025,VOLKSWAGEN,PARATI CROSSOVER 1.8 4P 5V 5W5PF4,2008,BRASIL,-,QUITO,AUTOMOVIL,PARTICULAR,1800,03-07-2029,04-07-2024,26-10-2007,04-07-2024,USD $79.35
XBY0474,ERROR,ERROR,ERROR,ERROR,ERROR,ERROR,ERROR,ERROR,ERROR,ERROR,ERROR,ERROR,ERROR,ERROR,ERROR
PBY9621,ERROR,ERROR,ERROR,ERROR,ERROR,ERROR,ERROR,ERROR,ERROR,ERROR,ERROR,ERROR,ERROR,ERROR,ERROR
PSO226,NO EXISTE,NO EXISTE,NO EXISTE,NO EXISTE,NO EXISTE,NO EXISTE,NO EXISTE,NO EXISTE,NO EXISTE,NO EXISTE,NO EXISTE,NO EXISTE,NO EXISTE,NO EXISTE,NO EXISTE
TBA3952,ERROR,ERROR,ERROR,ERROR,ERROR,ERROR,ERROR,ERROR,ERROR,ERROR,ERROR,ERROR,ERROR,ERROR,ERROR
HCT733,NO EXISTE,NO EXISTE,NO EXISTE,NO EXISTE,NO EXISTE,NO EXISTE,NO EXISTE,NO EXISTE,NO EXISTE,NO EXISTE,NO EXISTE,NO EXISTE,NO EXISTE,NO EXISTE,NO EXISTE
ABB7583,2025,NISSAN,ALMERA 1.6 MT AIRBAG Y AC,2010,COREA DEL SUR,-,TOSAGUA,AUTOMOVIL,PARTICULAR,1600,25-06-2028,27-06-2023,15-12-2009,07-05-2024,USD $78.63
PBS7427,2025,VOLKSWAGEN,GOL HATCHBACK POWER 5U11F4,2011,BRASIL,T01044866,AMBATO,AUTOMOVIL,PARTICULAR,1596,18-08-2025,19-08-2020,20-04-2011,19-08-2020,USD $77.28
POH554,NO EXISTE,NO EXISTE,NO EXISTE,NO EXISTE,NO EXISTE,NO EXISTE,NO EXISTE,NO EXISTE,NO EXISTE,NO EXISTE,NO EXISTE,NO EXISTE,NO EXISTE,NO EXISTE,NO EXISTE
PSO422,NO EXISTE,NO EXISTE,NO EXISTE,NO EXISTE,NO EXISTE,NO EXISTE,NO EXISTE,NO EXISTE,NO EXISTE,NO EXISTE,NO EXISTE,NO EXISTE,NO EXISTE,NO EXISTE,NO EXISTE
PBY2019,2025,VOLKSWAGEN,GOL HB POWER AC 5U11F4,2012,BRASIL,T01156554,GUAMOTE,AUTOMOVIL,PARTICULAR,1600,03-04-2030,04-04-2025,09-02-2012,19-02-2025,USD $78.18
PBS1890,ERROR,ERROR,ERROR,ERROR,ERROR,ERROR,ERROR,ERROR,ERROR,ERROR,ERROR,ERROR,ERROR,ERROR,ERROR
PLA0361,ERROR,ERROR,ERROR,ERROR,ERROR,ERROR,ERROR,ERROR,ERROR,ERROR,ERROR,ERROR,ERROR,ERROR,ERROR
PYK0231,ERROR,ERROR,ERROR,ERROR,ERROR,ERROR,ERROR,ERROR,ERROR,ERROR,ERROR,ERROR,ERROR,ERROR,ERROR
POT031,NO EXISTE,NO EXISTE,NO EXISTE,NO EXISTE,NO EXISTE,NO EXISTE,NO EXISTE,NO EXISTE,NO EXISTE,NO EXISTE,NO EXISTE,NO EXISTE,NO EXISTE,NO EXISTE,NO EXISTE
POO910,NO EXISTE,NO EXISTE,NO EXISTE,NO EXISTE,NO EXISTE,NO EXISTE,NO EXISTE,NO EXISTE,NO EXISTE,NO EXISTE,NO EXISTE,NO EXISTE,NO EXISTE,NO EXISTE,NO EXISTE
PKI354,NO EXISTE,NO EXISTE,NO EXISTE,NO EXISTE,NO EXISTE,NO EXISTE,NO EXISTE,NO EXISTE,NO EXISTE,NO EXISTE,NO EXISTE,NO EXISTE,NO EXISTE,NO EXISTE,NO EXISTE
PBK5578,ERROR,ERROR,ERROR,ERROR,ERROR,ERROR,ERROR,ERROR,ERROR,ERROR,ERROR,ERROR,ERROR,ERROR,ERROR
PSU190,NO EXISTE,NO EXISTE,NO EXISTE,NO EXISTE,NO EXISTE,NO EXISTE,NO EXISTE,NO EXISTE,NO EXISTE,NO EXISTE,NO EXISTE,NO EXISTE,NO EXISTE,NO EXISTE,NO EXISTE
HBB9094,ERROR,ERROR,ERROR,ERROR,ERROR,ERROR,ERROR,ERROR,ERROR,ERROR,ERROR,ERROR,ERROR,ERROR,ERROR
PDE7700,2025,TOYOTA,YARIS SD AC 1.5 4P 4X2 TM,2021,TAILANDIA,-,CAYAMBE,AUTOMOVIL,PARTICULAR,1496,01-05-2029,02-05-2024,23-04-2021,26-11-2025,USD $67.11
GSD1863,ERROR,ERROR,ERROR,ERROR,ERROR,ERROR,ERROR,ERROR,ERROR,ERROR,ERROR,ERROR,ERROR,ERROR,ERROR
PBL6658,2025,TOYOTA,UU YARIS SEDAN 1.3 TM PP SIN AA,2010,JAPON,-,AMBATO,AUTOMOVIL,PARTICULAR,1300,16-01-2029,18-01-2024,07-07-2009,01-09-2025,USD $74.35
PBV3258,2025,TOYOTA,AUT FORTUNER TA,2012,TAILANDIA,-,ROCAFUERTE,JEEP,PARTICULAR,2700,25-12-2029,26-12-2024,24-11-2011,25-04-2023,USD $126.13
PDC6587,2025,TOYOTA,NEW FORTUNER AC 2.7 5P 4X4 TA,2019,ARGENTINA,-,MACHALA,JEEP,PARTICULAR,2694,16-10-2030,17-10-2025,11-04-2018,11-04-2025,USD $120.18
PCT8894,2025,TOYOTA,NEW FORTUNER AC 2.7 5P 4X4 TM,2017,INDONESIA,-,CAYAMBE,JEEP,PARTICULAR,2694,23-03-2030,24-03-2025,21-12-2016,24-03-2025,USD $124.18
PVI457,NO EXISTE,NO EXISTE,NO EXISTE,NO EXISTE,NO EXISTE,NO EXISTE,NO EXISTE,NO EXISTE,NO EXISTE,NO EXISTE,NO EXISTE,NO EXISTE,NO EXISTE,NO EXISTE,NO EXISTE
GSJ1311,ERROR,ERROR,ERROR,ERROR,ERROR,ERROR,ERROR,ERROR,ERROR,ERROR,ERROR,ERROR,ERROR,ERROR,ERROR
PBJ7625,2025,TOYOTA,FORTUNER AC 2.7 5P 4X4 TA,2015,INDONESIA,U01505719,SALCEDO,JEEP,PARTICULAR,2694,01-11-2027,02-11-2022,12-09-2014,02-11-2022,USD $132.63
PCE3660,2025,TOYOTA,AWT FORTUNER TM 2.7 5P 4X4,2013,TAILANDIA,E01226923,IBARRA,JEEP,PARTICULAR,2700,30-11-2029,05-02-2024,23-10-2012,05-02-2024,USD $127.63
PQV0983,2025,TOYOTA,4 RUNNER 4X4 TA LIMITED,2007,JAPON,-,QUITO,JEEP,PARTICULAR,4000,07-11-2029,08-11-2024,18-04-2007,08-11-2024,USD $133.39
GSV2482,ERROR,ERROR,ERROR,ERROR,ERROR,ERROR,ERROR,ERROR,ERROR,ERROR,ERROR,ERROR,ERROR,ERROR,ERROR
PBW6997,2025,TOYOTA,AWT FORTUNER TM,2012,TAILANDIA,-,QUITO,JEEP,PARTICULAR,2700,08-09-2029,09-09-2024,12-10-2011,13-08-2025,USD $122.13
GQK278,NO EXISTE,NO EXISTE,NO EXISTE,NO EXISTE,NO EXISTE,NO EXISTE,NO EXISTE,NO EXISTE,NO EXISTE,NO EXISTE,NO EXISTE,NO EXISTE,NO EXISTE,NO EXISTE,NO EXISTE
HCA057,NO EXISTE,NO EXISTE,NO EXISTE,NO EXISTE,NO EXISTE,NO EXISTE,NO EXISTE,NO EXISTE,NO EXISTE,NO EXISTE,NO EXISTE,NO EXISTE,NO EXISTE,NO EXISTE,NO EXISTE
PXO442,NO EXISTE,NO EXISTE,NO EXISTE,NO EXISTE,NO EXISTE,NO EXISTE,NO EXISTE,NO EXISTE,NO EXISTE,NO EXISTE,NO EXISTE,NO EXISTE,NO EXISTE,NO EXISTE,NO EXISTE
ABD1672,ERROR,ERROR,ERROR,ERROR,ERROR,ERROR,ERROR,ERROR,ERROR,ERROR,ERROR,ERROR,ERROR,ERROR,ERROR
PBB4045,2025,TOYOTA,BW FORTUNER TM,2008,VENEZUELA,E00629193,AMBATO,JEEP,PARTICULAR,4000,19-08-2029,20-08-2024,28-12-2007,05-06-2025,USD $128.41
IBB9207,2025,TOYOTA,FORTUNER AC 2.7 5P 4X4 TM,2014,TAILANDIA,-,QUITO,JEEP,PARTICULAR,2694,31-08-2028,05-05-2023,17-07-2013,30-07-2025,USD $123.63
UBA7877,ERROR,ERROR,ERROR,ERROR,ERROR,ERROR,ERROR,ERROR,ERROR,ERROR,ERROR,ERROR,ERROR,ERROR,ERROR
OAA1188,2024,NISSAN,SENTRA 1.6 MT AC,2012,MEXICO,T01151350,QUITO,AUTOMOVIL,PARTICULAR,1600,07-05-2028,09-05-2023,26-01-2012,16-10-2024,USD $185.59
PCN2230,2025,TOYOTA,FORTUNER AC 2.7 5P 4X4 TM,2015,INDONESIA,U01556236,CHONE,JEEP,PARTICULAR,2694,13-11-2027,14-11-2022,27-03-2015,26-11-2025,USD $128.63
PDS4071,ERROR,ERROR,ERROR,ERROR,ERROR,ERROR,ERROR,ERROR,ERROR,ERROR,ERROR,ERROR,ERROR,ERROR,ERROR
MBC6639,2025,TOYOTA,NEW FORTUNER AC 2.7 5P 4X4 TA,2017,INDONESIA,-,JIPIJAPA,JEEP,PARTICULAR,2694,16-12-2029,17-12-2024,19-12-2016,12-12-2025,USD $127.18
GSK7962,2025,TOYOTA,FORTUNER AC 2.7 5P 4X4 TA,2014,INDONESIA,E01407716,PUERTO QUITO,JEEP,PARTICULAR,2700,04-12-2029,05-12-2024,13-02-2014,21-03-2025,USD $128.63
PDI2637,2025,DFSK,GLORY 580 AC 1.5 5P 4X2 TM,2019,CHINA POPULAR,-,QUITO,JEEP,PARTICULAR,1499,31-08-2029,06-09-2024,29-03-2019,11-03-2025,USD $201.7
GSJ1516,2025,TOYOTA,FORTUNER AC 2.7 5P 4X4 TA,2014,TAILANDIA,E01343375,ALFREDO BAQUERIZO MORENO,JEEP,PARTICULAR,2694,12-08-2030,13-08-2025,26-08-2013,23-02-2024,USD $137.63
GOD882,NO EXISTE,NO EXISTE,NO EXISTE,NO EXISTE,NO EXISTE,NO EXISTE,NO EXISTE,NO EXISTE,NO EXISTE,NO EXISTE,NO EXISTE,NO EXISTE,NO EXISTE,NO EXISTE,NO EXISTE
PCV6638,2025,TOYOTA,HILUX SR 2.7 CD 4X4 TM,2020,ARGENTINA,-,RIOBAMBA,CAMIONETA,PARTICULAR,2694,19-03-2029,20-03-2024,30-10-2019,12-08-2025,USD $110.19
PCJ5509,2025,TOYOTA,FORTUNER AC 2.7 5P 4X4 TM,2014,INDONESIA,-,MEJIA,JEEP,PARTICULAR,2694,28-10-2028,30-10-2023,18-02-2014,28-10-2025,USD $124.07
PCU1868,2025,TOYOTA,NEW FORTUNER AC 2.7 5P 4X4 TM,2017,INDONESIA,E02072597,PUCARA,JEEP,PARTICULAR,2694,18-06-2030,19-06-2025,27-01-2017,19-06-2025,USD $124.18
GTE9587,2025,KIA,PREGIO 17 PASAJEROS,2005,COREA DEL SUR,-,EL GUABO,CAMIONETA,PARTICULAR,3000,21-02-2029,23-02-2024,11-01-2005,22-08-2025,USD $110.39
TBE2979,2025,TOYOTA,FORTUNER AC 2.7 5P 4X4 TM,2014,INDONESIA,E01411286,PAUTE,JEEP,PARTICULAR,2694,28-05-2029,29-05-2024,26-02-2014,12-12-2025,USD $124.07
IBD3813,2025,TOYOTA,NEW FORTUNER AC 2.7 5P 4X4 TM,2018,INDONESIA,E02130852,SALCEDO,JEEP,PARTICULAR,2694,30-04-2030,05-08-2025,31-08-2017,16-04-2025,USD $117.18
PBI4867,2025,CHANGHE,CH6390,2009,CHINA POPULAR,-,QUITO,CAMIONETA,PARTICULAR,1050,28-03-2027,29-03-2022,06-05-2010,05-09-2024,USD $89.46
PDJ5236,2025,DONGFENG,AX7 AC 2.0 5P 4X2 TA,2019,CHINA POPULAR,-,QUITO,JEEP,PARTICULAR,1997,22-05-2029,23-05-2024,30-04-2019,26-12-2025,USD $76.74
TBH4514,2024,GREAT WALL,HAVAL M4 AC 1.5 5P 4X2 TM,2019,ECUADOR,-,TOSAGUA,JEEP,PARTICULAR,1497,18-12-2028,20-12-2023,30-11-2018,21-11-2023,USD $202.83
PDU1982,ERROR,ERROR,ERROR,ERROR,ERROR,ERROR,ERROR,ERROR,ERROR,ERROR,ERROR,ERROR,ERROR,ERROR,ERROR
PDM7200,ERROR,ERROR,ERROR,ERROR,ERROR,ERROR,ERROR,ERROR,ERROR,ERROR,ERROR,ERROR,ERROR,ERROR,ERROR
PDD3301,2025,KIA,PICANTO EX AC 1.2 4P 4X2 TM,2019,COREA DEL SUR,-,QUITO,AUTOMOVIL,PARTICULAR,1248,29-02-2028,24-02-2023,26-04-2018,24-02-2025,USD $64.86
PIY497,NO EXISTE,NO EXISTE,NO EXISTE,NO EXISTE,NO EXISTE,NO EXISTE,NO EXISTE,NO EXISTE,NO EXISTE,NO EXISTE,NO EXISTE,NO EXISTE,NO EXISTE,NO EXISTE,NO EXISTE
PCR4006,2025,FORD,F150 LARIAT SC ECOBOOST AC 3.5 CD 4X4 TA,2015,ESTADOS UNIDOS,-,QUITO,CAMIONETA,PARTICULAR,3500,24-09-2030,25-09-2025,06-01-2016,20-06-2025,USD $158.63
PPA6635,2025,FORD,F 150 DOBLE CABINA 4X2 W1C,2010,ESTADOS UNIDOS,-,CHONE,CAMIONETA,PARTICULAR,4600,23-01-2029,25-01-2024,09-08-2010,17-12-2025,USD $116.64
PCA9905,2025,FORD,F150 SC FX4 4X4,2012,ESTADOS UNIDOS,G01199299,NARANJAL,CAMIONETA,PARTICULAR,4951,18-03-2029,19-03-2024,21-06-2012,19-03-2024,USD $148.63
PCC5794,2025,FORD,F 150 SUPER CREW 4X2 W12,2009,ESTADOS UNIDOS,-,PENIPE,CAMIONETA,PARTICULAR,4600,26-09-2029,27-09-2024,30-10-2009,18-07-2025,USD $118.64
GGH249,NO EXISTE,NO EXISTE,NO EXISTE,NO EXISTE,NO EXISTE,NO EXISTE,NO EXISTE,NO EXISTE,NO EXISTE,NO EXISTE,NO EXISTE,NO EXISTE,NO EXISTE,NO EXISTE,NO EXISTE
GRZ4287,2025,FORD,F 150 DOBLE CABINA 4X2 W1C,2010,ESTADOS UNIDOS,-,TOSAGUA,CAMIONETA,PARTICULAR,4600,10-06-2029,11-06-2024,31-08-2010,11-06-2024,USD $108.09
PBW8092,2025,FORD,F150 RC 4X4 4.6L F1EB,2010,ESTADOS UNIDOS,-,SAN VICENTE,CAMIONETA,PARTICULAR,4600,03-12-2030,04-12-2025,31-08-2011,30-04-2024,USD $113.64
GSI8473,2025,FORD,F150 AC 3.7 CD 4X2 TA,2013,ESTADOS UNIDOS,G01332580,CALUMA,CAMIONETA,PARTICULAR,3726,28-08-2030,29-08-2025,02-08-2013,29-08-2025,USD $118.64
GRW2122,2025,FORD,F150 XL 4X4,2009,ESTADOS UNIDOS,-,LOJA,CAMIONETA,PARTICULAR,4600,10-12-2026,18-06-2021,16-09-2009,01-01-2025,USD $206.33
PBR6866,2025,FORD,F 150 DOBLE CABINA 4X2 W1C,2010,ESTADOS UNIDOS,-,QUITO,CAMIONETA,PARTICULAR,4600,18-05-2022,19-05-2017,20-01-2011,14-06-2021,USD $116.64
PDC5196,2025,FORD,MUSTANG AC 5.0 2P 4X2 TA,2017,ESTADOS UNIDOS,G02155651,AMBATO,AUTOMOVIL,PARTICULAR,4951,29-01-2030,30-01-2025,05-04-2018,30-01-2025,USD $157.65
GCB3887,2025,KIA,SPORTAGE SL AC 2.0 5P 4X2 TM,2019,ECUADOR,-,GUAYAQUIL,JEEP,PARTICULAR,2000,03-09-2028,05-09-2023,09-11-2018,23-11-2024,USD $85.74
GSA1078,ERROR,ERROR,ERROR,ERROR,ERROR,ERROR,ERROR,ERROR,ERROR,ERROR,ERROR,ERROR,ERROR,ERROR,ERROR
PSW0825,ERROR,ERROR,ERROR,ERROR,ERROR,ERROR,ERROR,ERROR,ERROR,ERROR,ERROR,ERROR,ERROR,ERROR,ERROR
IBB4617,2025,FORD,F150 SC 4X2,2012,ESTADOS UNIDOS,-,CAYAMBE,CAMIONETA,PARTICULAR,3726,31-01-2029,02-02-2024,07-09-2012,08-08-2025,USD $118.64
PPB3183,2025,FORD,F150 RC 4X4 4.6L F1EB,2010,ESTADOS UNIDOS,-,CUENCA,CAMIONETA,PARTICULAR,4600,07-05-2029,08-05-2024,28-07-2010,31-05-2025,USD $145.68
PBB3163,2024,FORD,F 150 XLT CREW CAB 4X4,2007,ESTADOS UNIDOS,-,OLMEDO,CAMIONETA,PARTICULAR,5400,07-09-2027,08-09-2022,27-11-2007,25-09-2023,USD $325.4
PBR9363,2026,FORD,F150 RC 4X4 4.6L F1EB,2010,ESTADOS UNIDOS,T01029217,ALFREDO BAQUERIZO MORENO,CAMIONETA,PARTICULAR,4600,13-11-2028,15-11-2023,03-03-2011,15-11-2023,USD $108.39
PCA8743,2025,FORD,F150 SC 4X4 5.0L,2012,ESTADOS UNIDOS,T01191868,QUITO,CAMIONETA,PARTICULAR,5000,06-11-2027,07-11-2022,30-05-2012,23-04-2025,USD $136.63
PCB4968,2025,FORD,F150 REGULAR CAB 4X4,2012,ESTADOS UNIDOS,G01159094,QUITO,CAMIONETA,PARTICULAR,3726,30-09-2029,01-10-2024,29-05-2012,01-10-2024,USD $116.64
PYF0032,ERROR,ERROR,ERROR,ERROR,ERROR,ERROR,ERROR,ERROR,ERROR,ERROR,ERROR,ERROR,ERROR,ERROR,ERROR
GRY3982,2024,CHEVROLET,TAHOE HIBRIDA 5P 6.0L 4X2 TA,2010,ESTADOS UNIDOS,-,NARANJAL,JEEP,PARTICULAR,6000,02-07-2029,03-07-2024,18-08-2017,27-03-2024,USD $436.08
PCN4100,ERROR,ERROR,ERROR,ERROR,ERROR,ERROR,ERROR,ERROR,ERROR,ERROR,ERROR,ERROR,ERROR,ERROR,ERROR
PQI687,NO EXISTE,NO EXISTE,NO EXISTE,NO EXISTE,NO EXISTE,NO EXISTE,NO EXISTE,NO EXISTE,NO EXISTE,NO EXISTE,NO EXISTE,NO EXISTE,NO EXISTE,NO EXISTE,NO EXISTE
PBS2033,2025,FORD,F 150 DOBLE CABINA 4X2 W1C,2010,ESTADOS UNIDOS,-,QUITO,CAMIONETA,PARTICULAR,4600,28-02-2028,01-03-2023,31-03-2011,13-05-2024,USD $116.64
PVE750,NO EXISTE,NO EXISTE,NO EXISTE,NO EXISTE,NO EXISTE,NO EXISTE,NO EXISTE,NO EXISTE,NO EXISTE,NO EXISTE,NO EXISTE,NO EXISTE,NO EXISTE,NO EXISTE,NO EXISTE
IBB4572,2026,FORD,F150 SC 4X2,2012,ESTADOS UNIDOS,T01210756,24 DE MAYO,CAMIONETA,PARTICULAR,3700,01-08-2028,03-08-2023,30-07-2012,03-08-2023,USD $51.58
PBN7524,2025,VOLKSWAGEN,TOUAREG R5 TDI 2.5L 7L6013,2009,ALEMANIA,G00953591,GENERAL ANTONIO ELIZALDE,JEEP,PARTICULAR,2500,09-05-2030,09-05-2025,04-11-2010,09-05-2025,USD $163.94
ACE298,NO EXISTE,NO EXISTE,NO EXISTE,NO EXISTE,NO EXISTE,NO EXISTE,NO EXISTE,NO EXISTE,NO EXISTE,NO EXISTE,NO EXISTE,NO EXISTE,NO EXISTE,NO EXISTE,NO EXISTE
GQV0839,2025,HONDA,CRV RE3838L KK,2008,JAPON,-,PUEBLO VIEJO,JEEP,PARTICULAR,2400,04-05-2030,05-05-2025,24-04-2008,05-05-2025,USD $111.59
AAW0169,ERROR,ERROR,ERROR,ERROR,ERROR,ERROR,ERROR,ERROR,ERROR,ERROR,ERROR,ERROR,ERROR,ERROR,ERROR
EAA1748,2024,KAMAZ,6522 AC 11.8 2P 6X6 TM DIESEL,2019,RUSIA,-,FLAVIO ALFARO,VOLQUETA,ALQUILER,11760,13-03-2029,14-03-2024,15-07-2019,14-03-2024,USD $1445.82
PCM5494,2025,VOLVO,S60 T5 AC 2.0 4P 4X2 TA,2014,BELGICA,T01453514,QUITO,AUTOMOVIL,PARTICULAR,2000,15-05-2029,16-05-2024,25-09-2014,16-05-2024,USD $84.14
PCO118,NO EXISTE,NO EXISTE,NO EXISTE,NO EXISTE,NO EXISTE,NO EXISTE,NO EXISTE,NO EXISTE,NO EXISTE,NO EXISTE,NO EXISTE,NO EXISTE,NO EXISTE,NO EXISTE,NO EXISTE
PSD0802,2023,VOLVO,850,1995,SUECIA,-,QUITO,AUTOMOVIL,PARTICULAR,2435,15-08-2028,17-08-2023,01-01-1995,17-08-2023,USD $449.62
PBY7538,ERROR,ERROR,ERROR,ERROR,ERROR,ERROR,ERROR,ERROR,ERROR,ERROR,ERROR,ERROR,ERROR,ERROR,ERROR
PGJ636,NO EXISTE,NO EXISTE,NO EXISTE,NO EXISTE,NO EXISTE,NO EXISTE,NO EXISTE,NO EXISTE,NO EXISTE,NO EXISTE,NO EXISTE,NO EXISTE,NO EXISTE,NO EXISTE,NO EXISTE
GSA5559,2025,FORD,MUSTANG V6 MT,2011,ESTADOS UNIDOS,G01065632,GUANO,AUTOMOVIL,PARTICULAR,2000,08-04-2029,09-04-2024,18-04-2011,20-05-2025,USD $89.78
TBB9952,ERROR,ERROR,ERROR,ERROR,ERROR,ERROR,ERROR,ERROR,ERROR,ERROR,ERROR,ERROR,ERROR,ERROR,ERROR
HBA1909,ERROR,ERROR,ERROR,ERROR,ERROR,ERROR,ERROR,ERROR,ERROR,ERROR,ERROR,ERROR,ERROR,ERROR,ERROR
RBA2881,ERROR,ERROR,ERROR,ERROR,ERROR,ERROR,ERROR,ERROR,ERROR,ERROR,ERROR,ERROR,ERROR,ERROR,ERROR
PFG2206,2025,SUZUKI,GRAND VITARA SZ 2.7L V6 5P TM 4X4,2010,ECUADOR,-,CAYAMBE,JEEP,PARTICULAR,2700,21-01-2029,23-01-2024,19-11-2009,04-07-2025,USD $113.14
PCL3640,2025,CHEVROLET,GRAND VITARA STD 2.0 5P 4X2 TM,2015,ECUADOR,B7640090686,CAYAMBE,JEEP,PARTICULAR,1995,17-03-2029,18-03-2024,08-08-2014,06-11-2025,USD $82.08
PCO6795,2025,CHEVROLET,GRAND VITARA SPORT AC 1.6 3P 4X4 TM,2015,ECUADOR,-,IBARRA,JEEP,PARTICULAR,1590,30-05-2029,31-05-2024,23-03-2015,25-06-2025,USD $103.94
POG880,NO EXISTE,NO EXISTE,NO EXISTE,NO EXISTE,NO EXISTE,NO EXISTE,NO EXISTE,NO EXISTE,NO EXISTE,NO EXISTE,NO EXISTE,NO EXISTE,NO EXISTE,NO EXISTE,NO EXISTE
HBB3623,ERROR,ERROR,ERROR,ERROR,ERROR,ERROR,ERROR,ERROR,ERROR,ERROR,ERROR,ERROR,ERROR,ERROR,ERROR
PVW806,NO EXISTE,NO EXISTE,NO EXISTE,NO EXISTE,NO EXISTE,NO EXISTE,NO EXISTE,NO EXISTE,NO EXISTE,NO EXISTE,NO EXISTE,NO EXISTE,NO EXISTE,NO EXISTE,NO EXISTE
PBN5253,ERROR,ERROR,ERROR,ERROR,ERROR,ERROR,ERROR,ERROR,ERROR,ERROR,ERROR,ERROR,ERROR,ERROR,ERROR
PCO5618,2025,SUZUKI,GRAND VITARA SZ NEXT AC 2.0 5P 4X2 TM,2015,ECUADOR,-,IBARRA,JEEP,PARTICULAR,1995,28-02-2029,01-03-2024,20-03-2015,19-11-2025,USD $84.78
AAW0395,ERROR,ERROR,ERROR,ERROR,ERROR,ERROR,ERROR,ERROR,ERROR,ERROR,ERROR,ERROR,ERROR,ERROR,ERROR
PCD7339,2025,CHEVROLET,SAIL TM 1.4 4P 4X2 AC,2013,ECUADOR,-,QUITO,AUTOMOVIL,ALQUILER,1400,06-05-2028,08-05-2023,28-01-2013,24-10-2025,USD $92.49
PVO0170,2025,CHEVROLET,CHEVYTAXI,2006,COREA DEL SUR,-,CAYAMBE,AUTOMOVIL,PARTICULAR,1500,22-12-2030,23-12-2025,31-03-2006,24-11-2025,USD $75.72
PDR4864,2025,CHEVROLET,ONIX LTZ TURBO AC 1.0 4P 4X2 TM,2021,MEXICO,-,QUITO,AUTOMOVIL,PARTICULAR,1000,09-12-2026,01-05-2023,24-02-2021,01-01-2025,USD $67.11
PUK154,NO EXISTE,NO EXISTE,NO EXISTE,NO EXISTE,NO EXISTE,NO EXISTE,NO EXISTE,NO EXISTE,NO EXISTE,NO EXISTE,NO EXISTE,NO EXISTE,NO EXISTE,NO EXISTE,NO EXISTE
PBR4567,2025,NISSAN,SENTRA 1.6 M/T,2011,MEXICO,-,QUITO,AUTOMOVIL,PARTICULAR,1600,31-08-2030,05-09-2025,27-01-2011,05-09-2025,USD $91.01
PBL5031,2023,CHEVROLET,AVEO EMOTION 1.6L AC,2009,ECUADOR,-,CAYAMBE,AUTOMOVIL,PARTICULAR,1600,21-03-2028,23-03-2023,29-12-2008,23-03-2023,USD $381.88
PAA5763,ERROR,ERROR,ERROR,ERROR,ERROR,ERROR,ERROR,ERROR,ERROR,ERROR,ERROR,ERROR,ERROR,ERROR,ERROR
PBU8444,2024,KIA,SPORTAGE LX AT,2012,ECUADOR,AYM1201665,PLAYAS,JEEP,PARTICULAR,2000,07-05-2028,09-05-2023,13-11-2012,17-01-2024,USD $280.97
PBX1002,ERROR,ERROR,ERROR,ERROR,ERROR,ERROR,ERROR,ERROR,ERROR,ERROR,ERROR,ERROR,ERROR,ERROR,ERROR
GBP6947,2025,KIA,RIO EX AC 1.4 4P 4X2 TM,2019,MEXICO,-,GUAYAQUIL,AUTOMOVIL,ALQUILER,1368,07-04-2029,08-04-2024,15-01-2019,29-09-2025,USD $88.56
PCH4925,2025,CHEVROLET,AVEO FAMILY STD 1.5 4P 4X2 TM,2014,ECUADOR,-,QUITO,AUTOMOVIL,ALQUILER,1500,27-08-2029,28-08-2024,31-07-2013,27-06-2025,USD $108.48
PVS082,NO EXISTE,NO EXISTE,NO EXISTE,NO EXISTE,NO EXISTE,NO EXISTE,NO EXISTE,NO EXISTE,NO EXISTE,NO EXISTE,NO EXISTE,NO EXISTE,NO EXISTE,NO EXISTE,NO EXISTE
PBO56611,NO EXISTE,NO EXISTE,NO EXISTE,NO EXISTE,NO EXISTE,NO EXISTE,NO EXISTE,NO EXISTE,NO EXISTE,NO EXISTE,NO EXISTE,NO EXISTE,NO EXISTE,NO EXISTE,NO EXISTE
PBU4958,2025,NISSAN,ALMERA 1.6 MT AIRBAG Y AC,2012,COREA DEL SUR,-,QUITO,AUTOMOVIL,ALQUILER,1600,30-09-2024,30-10-2019,30-07-2011,30-10-2019,USD $110.48
PUD804,NO EXISTE,NO EXISTE,NO EXISTE,NO EXISTE,NO EXISTE,NO EXISTE,NO EXISTE,NO EXISTE,NO EXISTE,NO EXISTE,NO EXISTE,NO EXISTE,NO EXISTE,NO EXISTE,NO EXISTE
PBQ6077,2025,NISSAN,SENTRA 1.6 M/T,2011,MEXICO,-,QUITO,AUTOMOVIL,ALQUILER,1600,31-08-2027,15-08-2022,22-12-2010,31-01-2025,USD $107.98
JV007A,2025,THUNDER,B52,2023,ECUADOR,-,QUITO,MOTOCICLETA,PARTICULAR,150,21-03-2028,23-03-2023,12-02-2023,23-03-2023,USD $68.58
IP018V,ERROR,ERROR,ERROR,ERROR,ERROR,ERROR,ERROR,ERROR,ERROR,ERROR,ERROR,ERROR,ERROR,ERROR,ERROR
IW652X,ERROR,ERROR,ERROR,ERROR,ERROR,ERROR,ERROR,ERROR,ERROR,ERROR,ERROR,ERROR,ERROR,ERROR,ERROR
JI496W,2025,DAYTONA,DY250 CROSSFIRE,2022,CHINA POPULAR,-,ARCHIDONA,MOTOCICLETA,PARTICULAR,250,30-11-2026,01-12-2021,20-10-2021,17-07-2023,USD $63.24
JK071U,2025,AXXO,SCRAMBLER 250,2021,CHINA POPULAR,-,QUITO,MOTOCICLETA,PARTICULAR,250,16-03-2030,17-03-2025,31-10-2021,17-03-2025,USD $62.23
IT429H,2025,SHINERAY,XY200-4,2007,CHINA POPULAR,-,ORELLANA,MOTOCICLETA,PARTICULAR,200,26-10-2030,27-10-2025,29-11-2007,24-07-2025,USD $56.24
IH434P,2018,Z1,CHAMPION 200E,2015,CHINA POPULAR,-,GUAYAQUIL,MOTOCICLETA,PARTICULAR,200,26-11-2020,28-11-2015,17-10-2015,31-05-2018,USD $987.1
IW342L,2026,BULTACO,FREEDOM,2019,CHINA POPULAR,MA122538,GUAYAQUIL,MOTOCICLETA,PARTICULAR,150,03-08-2024,05-08-2019,05-07-2019,11-03-2026,USD $2
JW664E,ERROR,ERROR,ERROR,ERROR,ERROR,ERROR,ERROR,ERROR,ERROR,ERROR,ERROR,ERROR,ERROR,ERROR,ERROR
JJ915F,2023,THUNDER,TGN 150,2021,CHINA POPULAR,-,QUITO,MOTOCICLETA,PARTICULAR,150,29-09-2026,30-09-2021,06-09-2021,30-09-2021,USD $278.27
JZ223L,2025,DAYTONA,DY200 CRUCERO,2024,CHINA POPULAR,S00142903,QUITO,MOTOCICLETA,PARTICULAR,200,24-11-2029,25-11-2024,18-11-2023,25-11-2024,USD $58.67
JX236P,2023,TUKO,TK-DS1,2023,CHINA POPULAR,-,RUMIÑAHUI,MOTOCICLETA,PARTICULAR,200,21-10-2028,23-10-2023,03-10-2023,23-10-2023,USD $287.04
JT724X,ERROR,ERROR,ERROR,ERROR,ERROR,ERROR,ERROR,ERROR,ERROR,ERROR,ERROR,ERROR,ERROR,ERROR,ERROR
JQ918F,2025,RANGER,250-4,2023,CHINA POPULAR,-,QUITO,MOTOCICLETA,PARTICULAR,250,13-11-2028,15-11-2023,30-10-2022,15-09-2025,USD $65.27
JE237K,2025,SUZUKI,GSX150C,2020,COLOMBIA,G02465252,RUMIÑAHUI,MOTOCICLETA,PARTICULAR,155,27-11-2027,28-11-2022,27-08-2020,06-08-2025,USD $56.94
JK511H,ERROR,ERROR,ERROR,ERROR,ERROR,ERROR,ERROR,ERROR,ERROR,ERROR,ERROR,ERROR,ERROR,ERROR,ERROR
JF453N,2021,TUKO,TK CR5-250,2021,CHINA POPULAR,-,QUITO,MOTOCICLETA,PARTICULAR,250,11-02-2026,12-02-2021,24-01-2021,12-02-2021,USD $626.51
HA889H,2025,SUZUKI,DL1000,2008,JAPON,-,MANTA,MOTOCICLETA,PARTICULAR,1000,31-10-2028,11-04-2023,21-11-2008,15-10-2024,USD $64.86
JJ777L,2024,Z1,CBR250 STORM,2021,CHINA POPULAR,-,VINCES,MOTOCICLETA,PARTICULAR,250,15-02-2028,16-02-2023,08-09-2021,16-02-2023,USD $160.28
JR192A,2025,LONCIN,LX250GY-3G,2023,CHINA POPULAR,-,RUMIÑAHUI,MOTOCICLETA,PARTICULAR,250,08-11-2027,09-11-2022,29-09-2022,09-11-2022,USD $89.74
IH001A,ERROR,ERROR,ERROR,ERROR,ERROR,ERROR,ERROR,ERROR,ERROR,ERROR,ERROR,ERROR,ERROR,ERROR,ERROR
HC826V,ERROR,ERROR,ERROR,ERROR,ERROR,ERROR,ERROR,ERROR,ERROR,ERROR,ERROR,ERROR,ERROR,ERROR,ERROR
IC786E,2024,DAYTONA,DY150-DELTA,2015,CHINA POPULAR,-,TOSAGUA,MOTOCICLETA,PARTICULAR,150,31-07-2028,30-10-2023,17-02-2015,05-08-2024,USD $148.21
IG644E,2024,TRIUMPH,SCRAMBLER,2015,REINO UNIDO,-,QUITO,MOTOCICLETA,PARTICULAR,865,23-12-2029,24-12-2024,09-07-2015,11-12-2020,USD $183.43
JE486U,2025,DAYTONA,DY200 ADVENTURE,2019,CHINA POPULAR,-,QUITO,MOTOCICLETA,PARTICULAR,200,18-10-2025,19-10-2020,05-09-2020,19-07-2023,USD $56.31
JP475P,2024,DUKARE,DK150 FALCON,2022,CHINA POPULAR,-,PUERTO QUITO,MOTOCICLETA,PARTICULAR,149,21-02-2028,22-02-2023,29-07-2022,22-04-2024,USD $154.41
JD300U,2024,STIFF,STIFF 250,2020,CHINA POPULAR,-,OTAVALO,MOTOCICLETA,PARTICULAR,250,11-12-2029,12-12-2024,05-10-2020,12-12-2024,USD $149.88
JV033D,2025,SHINERAY,A-VENTURE,2022,CHINA POPULAR,-,OTAVALO,MOTOCICLETA,PARTICULAR,250,22-07-2030,23-07-2025,14-02-2023,23-07-2025,USD $63.46
IH192Y,2023,AXXO,TRACKER 250,2015,CHINA POPULAR,-,QUITO,MOTOCICLETA,PARTICULAR,250,16-09-2025,17-09-2020,30-11-2015,23-03-2023,USD $324.3
IN0575,NO EXISTE,NO EXISTE,NO EXISTE,NO EXISTE,NO EXISTE,NO EXISTE,NO EXISTE,NO EXISTE,NO EXISTE,NO EXISTE,NO EXISTE,NO EXISTE,NO EXISTE,NO EXISTE,NO EXISTE
JL241W,2024,SHINERAY,THOR,2022,CHINA POPULAR,-,PUERTO QUITO,MOTOCICLETA,PARTICULAR,200,09-05-2029,10-05-2024,31-01-2022,10-05-2024,USD $202.85
IQ785N,2020,Z1,CAT 150F,2016,CHINA POPULAR,-,LA MANA,MOTOCICLETA,PARTICULAR,150,26-07-2023,27-07-2018,20-06-2018,27-07-2018,USD $654.58
JC260V,2025,DAYTONA,DY150 S1,2021,CHINA POPULAR,-,GUALACEO,MOTOCICLETA,PARTICULAR,150,22-09-2025,23-09-2020,15-09-2020,29-11-2022,USD $56.11
HA258H,2025,SUZUKI,TS125,2008,COLOMBIA,-,SAN VICENTE,MOTOCICLETA,PARTICULAR,125,08-07-2030,09-07-2025,08-02-2008,18-07-2025,USD $56.73
JS700R,2025,THUNDER,BULLET,2023,ECUADOR,-,QUITO,MOTOCICLETA,PARTICULAR,150,19-03-2028,21-03-2023,27-01-2023,21-03-2023,USD $59.19
HX690K,2022,MOTOR UNO,SK200 FX200,2014,CHINA POPULAR,-,QUININDE,MOTOCICLETA,PARTICULAR,200,30-11-2027,16-12-2022,29-04-2014,16-12-2022,USD $381.13
JP177K,2025,IGM,IM170CF-12G,2021,CHINA POPULAR,-,QUITO,MOTOCICLETA,PARTICULAR,170,19-06-2030,20-06-2025,06-05-2022,20-06-2025,USD $56.31
JS244L,2025,DAYTONA,DY250 SCRAMBLER,2022,CHINA POPULAR,-,GENERAL ANTONIO ELIZALDE,MOTOCICLETA,PARTICULAR,250,28-12-2027,29-12-2022,27-12-2022,29-12-2022,USD $73.19
JT818E,2025,THUNDER,F16 250,2023,ECUADOR,-,QUITO,MOTOCICLETA,PARTICULAR,250,10-06-2028,12-06-2023,23-04-2023,11-12-2025,USD $67.32
JM476J,2024,LONCIN,LX250-15,2022,CHINA POPULAR,PR0038313,QUITO,MOTOCICLETA,PARTICULAR,250,28-03-2027,29-03-2022,12-03-2022,17-07-2024,USD $178.91
JP228K,2025,LONCIN,JL200-68C,2022,CHINA POPULAR,-,QUITO,MOTOCICLETA,PARTICULAR,200,31-05-2027,01-06-2022,10-05-2022,23-09-2025,USD $57.32
JQ134D,ERROR,ERROR,ERROR,ERROR,ERROR,ERROR,ERROR,ERROR,ERROR,ERROR,ERROR,ERROR,ERROR,ERROR,ERROR
IJ536A,2025,BAJAJ,PULSAR 135 LS,2014,INDIA,-,QUITO,MOTOCICLETA,PARTICULAR,135,31-07-2029,22-10-2024,11-05-2016,02-08-2025,USD $56.88
JZ768L,2025,Z1,PHANTOM 200,2023,CHINA POPULAR,-,QUITO,MOTOCICLETA,PARTICULAR,196,05-12-2028,07-12-2023,25-11-2023,07-12-2023,USD $59.63
JM431K,2025,TUKO,TK CR0,2022,CHINA POPULAR,-,PUCARA,MOTOCICLETA,PARTICULAR,150,10-02-2030,11-02-2025,02-04-2022,12-05-2022,USD $57.07
IO529R,2023,TUKO,TK CR5,2018,CHINA POPULAR,-,QUITO,MOTOCICLETA,PARTICULAR,200,02-03-2023,03-03-2018,13-02-2018,03-03-2018,USD $261.44
HL471X,2025,HONDA,NXR125 BROS ES,2008,BRASIL,-,PEDERNALES,MOTOCICLETA,PARTICULAR,125,28-02-2029,08-02-2024,15-01-2009,08-02-2024,USD $66.96
JM871M,2022,DAYTONA,DY200 WOLF,2022,CHINA POPULAR,-,QUITO,MOTOCICLETA,PARTICULAR,200,17-07-2027,18-07-2022,27-06-2022,18-07-2022,USD $432.47
IG575E,ERROR,ERROR,ERROR,ERROR,ERROR,ERROR,ERROR,ERROR,ERROR,ERROR,ERROR,ERROR,ERROR,ERROR,ERROR
JU391H,2024,ROYAL ENFIELD,SCRAM 411,2023,INDIA,-,QUITO,MOTOCICLETA,PARTICULAR,411,27-02-2029,29-02-2024,21-04-2023,29-02-2024,USD $216.41
JT250P,2025,CF MOTO,CF250-A,2022,CHINA POPULAR,-,GENERAL ANTONIO ELIZALDE,MOTOCICLETA,PARTICULAR,249,12-06-2028,14-06-2023,09-11-2022,14-06-2023,USD $69.59
JJ237E,2025,DAYTONA,DY180 AGILITY,2021,CHINA POPULAR,-,QUITO,MOTOCICLETA,PARTICULAR,180,26-08-2026,27-08-2021,17-08-2021,24-09-2025,USD $56.15
IO969N,2024,ICS,150S,2015,CHINA POPULAR,ME00002649,RUMIÑAHUI,MOTOCICLETA,PARTICULAR,150,12-05-2029,13-05-2024,04-10-2017,13-05-2024,USD $139.5
JK187H,2025,TUKO,TK-H1,2021,CHINA POPULAR,TH102521,QUITO,MOTOCICLETA,PARTICULAR,150,09-11-2026,10-11-2021,23-10-2021,10-11-2021,USD $56.33
JA512K,2025,DAYTONA,DY250 GP-1,2021,CHINA POPULAR,-,QUITO,MOTOCICLETA,PARTICULAR,250,22-10-2029,23-10-2024,14-05-2021,14-03-2025,USD $62.09
HO294D,ERROR,ERROR,ERROR,ERROR,ERROR,ERROR,ERROR,ERROR,ERROR,ERROR,ERROR,ERROR,ERROR,ERROR,ERROR
JA955F,2025,GALARDI,GL180BW GIULIETTA,2020,ECUADOR,-,QUITO,MOTOCICLETA,PARTICULAR,169,30-06-2029,01-07-2024,28-01-2020,01-07-2024,USD $56.55
JC524V,2023,BULTACO,FREEDOM,2020,CHINA POPULAR,-,SALCEDO,MOTOCICLETA,PARTICULAR,150,28-06-2025,29-06-2020,10-06-2020,24-02-2023,USD $278.95
PO22308,NO EXISTE,NO EXISTE,NO EXISTE,NO EXISTE,NO EXISTE,NO EXISTE,NO EXISTE,NO EXISTE,NO EXISTE,NO EXISTE,NO EXISTE,NO EXISTE,NO EXISTE,NO EXISTE,NO EXISTE
IP980X,2024,SHINERAY,XY200GY-6I,2018,CHINA POPULAR,-,RIOBAMBA,MOTOCICLETA,PARTICULAR,200,19-03-2029,20-03-2024,28-05-2018,20-03-2024,USD $137.62
IC738E,2024,BAJAJ,PULSAR 200 NS,2014,INDIA,-,PEDERNALES,MOTOCICLETA,PARTICULAR,200,05-02-2029,07-02-2024,26-02-2015,07-02-2024,USD $144.2
JU675M,2025,LONCIN,LX250-R2,2024,CHINA POPULAR,PR0046683,AMBATO,MOTOCICLETA,PARTICULAR,250,26-08-2030,27-08-2025,12-04-2023,18-06-2025,USD $68.62
JE409K,2024,AXXO,TRZ250,2020,CHINA POPULAR,-,QUITO,MOTOCICLETA,PARTICULAR,250,10-07-2029,11-07-2024,15-06-2020,11-07-2024,USD $149.29
IT729V,2025,DAYTONA,DY150 S1,2018,CHINA POPULAR,-,SANTO DOMINGO,MOTOCICLETA,PARTICULAR,150,01-10-2030,02-10-2025,08-02-2019,02-10-2025,USD $56.16
JF615R,2025,TUKO,TK-CR3,2021,CHINA POPULAR,-,QUITO,MOTOCICLETA,PARTICULAR,200,20-06-2029,21-06-2024,11-02-2021,01-07-2025,USD $56.56
IA754N,2022,THUNDER,TRX200,2014,CHINA POPULAR,-,CHILLANES,MOTOCICLETA,PARTICULAR,200,16-12-2023,17-12-2018,16-07-2014,03-03-2022,USD $404.82
